id,links,prefix,select tags,selected tags
1,timesonline.co.uk,QB0GaK7,"Technology, Fashion, Food, Travel, Sports, Music, Art, Health, Education, Finance",
2,merriam-webster.com,8oUTDyz,"Technology, Fashion, Food, Travel, Sports, Music, Art, Health, Education, Finance",
3,newyorker.com,Z9i2o9o,"Technology, Fashion, Food, Travel, Sports, Music, Art, Health, Education, Finance",
4,angelfire.com,pW44f49,"Technology, Fashion, Food, Travel, Sports, Music, Art, Health, Education, Finance",
5,rambler.ru,w1vDJvP,"Technology, Fashion, Food, Travel, Sports, Music, Art, Health, Education, Finance",
6,timesonline.co.uk,Uz3Uq87,"Technology, Fashion, Food, Travel, Sports, Music, Art, Health, Education, Finance",
7,state.gov,PwT2wMc,"Technology, Fashion, Food, Travel, Sports, Music, Art, Health, Education, Finance",
8,youtube.com,c1TO1x6,"Technology, Fashion, Food, Travel, Sports, Music, Art, Health, Education, Finance",
9,washingtonpost.com,4KtfXaU,"Technology, Fashion, Food, Travel, Sports, Music, Art, Health, Education, Finance",
10,icq.com,nh294Ty,"Technology, Fashion, Food, Travel, Sports, Music, Art, Health, Education, Finance",
11,cbsnews.com,0e56PW3,"Technology, Fashion, Food, Travel, Sports, Music, Art, Health, Education, Finance",
12,google.pl,NNq9FXo,"Technology, Fashion, Food, Travel, Sports, Music, Art, Health, Education, Finance",
13,uiuc.edu,55b5FKK,"Technology, Fashion, Food, Travel, Sports, Music, Art, Health, Education, Finance",
14,creativecommons.org,0Q43Q2J,"Technology, Fashion, Food, Travel, Sports, Music, Art, Health, Education, Finance",
15,cam.ac.uk,1dYVlCo,"Technology, Fashion, Food, Travel, Sports, Music, Art, Health, Education, Finance",
16,microsoft.com,5leG2TS,"Technology, Fashion, Food, Travel, Sports, Music, Art, Health, Education, Finance",
17,ebay.co.uk,2tYI62f,"Technology, Fashion, Food, Travel, Sports, Music, Art, Health, Education, Finance",
18,ucsd.edu,Dfdk2F4,"Technology, Fashion, Food, Travel, Sports, Music, Art, Health, Education, Finance",
19,constantcontact.com,6OFdyTY,"Technology, Fashion, Food, Travel, Sports, Music, Art, Health, Education, Finance",
20,seesaa.net,IYU6iyo,"Technology, Fashion, Food, Travel, Sports, Music, Art, Health, Education, Finance",
21,globo.com,9Q8j9h5,"Technology, Fashion, Food, Travel, Sports, Music, Art, Health, Education, Finance",
22,github.io,5e7TzC8,"Technology, Fashion, Food, Travel, Sports, Music, Art, Health, Education, Finance",
23,bluehost.com,8Je0tSH,"Technology, Fashion, Food, Travel, Sports, Music, Art, Health, Education, Finance",
24,engadget.com,9S74C00,"Technology, Fashion, Food, Travel, Sports, Music, Art, Health, Education, Finance",
25,psu.edu,38yv9fT,"Technology, Fashion, Food, Travel, Sports, Music, Art, Health, Education, Finance",
26,canalblog.com,w6WNGwa,"Technology, Fashion, Food, Travel, Sports, Music, Art, Health, Education, Finance",
27,pen.io,4RW1EV6,"Technology, Fashion, Food, Travel, Sports, Music, Art, Health, Education, Finance",
28,parallels.com,llpTUMe,"Technology, Fashion, Food, Travel, Sports, Music, Art, Health, Education, Finance",
29,skyrock.com,rdv8kZ3,"Technology, Fashion, Food, Travel, Sports, Music, Art, Health, Education, Finance",
30,fastcompany.com,7zIf8YB,"Technology, Fashion, Food, Travel, Sports, Music, Art, Health, Education, Finance",
31,4shared.com,3y72wJ1,"Technology, Fashion, Food, Travel, Sports, Music, Art, Health, Education, Finance",
32,unc.edu,x92LK5W,"Technology, Fashion, Food, Travel, Sports, Music, Art, Health, Education, Finance",
33,irs.gov,fvD4yQu,"Technology, Fashion, Food, Travel, Sports, Music, Art, Health, Education, Finance",
34,apache.org,7d46u5g,"Technology, Fashion, Food, Travel, Sports, Music, Art, Health, Education, Finance",
35,deliciousdays.com,04Gwoph,"Technology, Fashion, Food, Travel, Sports, Music, Art, Health, Education, Finance",
36,smugmug.com,Z8NZ9t6,"Technology, Fashion, Food, Travel, Sports, Music, Art, Health, Education, Finance",
37,list-manage.com,SeVM7Vy,"Technology, Fashion, Food, Travel, Sports, Music, Art, Health, Education, Finance",
38,icio.us,HO3p8A4,"Technology, Fashion, Food, Travel, Sports, Music, Art, Health, Education, Finance",
39,webeden.co.uk,5dndeO4,"Technology, Fashion, Food, Travel, Sports, Music, Art, Health, Education, Finance",
40,howstuffworks.com,NkEas9V,"Technology, Fashion, Food, Travel, Sports, Music, Art, Health, Education, Finance",